[
  {
    "id": "d4695671-b995-4a56-a660-41887d5c42d5",
    "data": [
      {
        "text": "Book a room",
        "userDefined": false
      }
    ],
    "isTemplate": false,
    "count": 1,
    "updated": 0
  },
  {
    "id": "96552896-636a-4281-82e3-d95fdfa40e25",
    "data": [
      {
        "text": "Book a ",
        "userDefined": false
      },
      {
        "text": "deluxe",
        "alias": "room_type",
        "meta": "@room_type",
        "userDefined": false
      },
      {
        "text": " room",
        "userDefined": false
      }
    ],
    "isTemplate": false,
    "count": 0,
    "updated": 0
  }
]