[
  {
    "id": "973f777c-b7d0-4b5e-b10c-5ef7d58fabe9",
    "data": [
      {
        "text": "Book a ",
        "userDefined": false
      },
      {
        "text": "king",
        "alias": "room_type",
        "meta": "@room_type",
        "userDefined": false
      },
      {
        "text": " in ",
        "userDefined": false
      },
      {
        "text": "Chennai",
        "alias": "geo-city1",
        "meta": "@sys.geo-city",
        "userDefined": true
      },
      {
        "text": " for ",
        "userDefined": false
      },
      {
        "text": "tomorrow",
        "alias": "date",
        "meta": "@sys.date",
        "userDefined": false
      }
    ],
    "isTemplate": false,
    "count": 0,
    "updated": 0
  },
  {
    "id": "32198799-84c3-49cc-b9ec-2124dd90b4e7",
    "data": [
      {
        "text": "Book a ",
        "userDefined": false
      },
      {
        "text": "queen",
        "alias": "room_type",
        "meta": "@room_type",
        "userDefined": false
      },
      {
        "text": " sized room in ",
        "userDefined": false
      },
      {
        "text": "Bangalore",
        "alias": "geo-city1",
        "meta": "@sys.geo-city",
        "userDefined": true
      }
    ],
    "isTemplate": false,
    "count": 0,
    "updated": 0
  },
  {
    "id": "00e595e7-12b2-44fb-87b0-142a364fd042",
    "data": [
      {
        "text": "Book a room in ",
        "userDefined": false
      },
      {
        "text": "New York",
        "alias": "geo-city1",
        "meta": "@sys.geo-city",
        "userDefined": false
      }
    ],
    "isTemplate": false,
    "count": 0,
    "updated": 0
  },
  {
    "id": "96c9d51d-647a-4303-987c-765c170396fe",
    "data": [
      {
        "text": "Book a room",
        "userDefined": false
      }
    ],
    "isTemplate": false,
    "count": 0,
    "updated": 0
  }
]