[
  {
    "id": "0ecac3f0-b60f-4ade-82c5-22485efe1e31",
    "data": [
      {
        "text": "Start from Begining",
        "userDefined": false
      }
    ],
    "isTemplate": false,
    "count": 0,
    "updated": 0
  },
  {
    "id": "234f5845-d554-4e28-a701-8330246d2373",
    "data": [
      {
        "text": "Restart",
        "userDefined": false
      }
    ],
    "isTemplate": false,
    "count": 0,
    "updated": 0
  },
  {
    "id": "ef243fea-9e62-487d-9c6f-43a260daa576",
    "data": [
      {
        "text": "Start Over",
        "userDefined": false
      }
    ],
    "isTemplate": false,
    "count": 0,
    "updated": 0
  }
]